DATE,MATERIAL_NAME,INBOUND,OUTBOUND,BEFORE,AFTER,NET_OUT_MT,REMAINING CAPACITY
2/1/2024,MAT-0007,0.0,24.76,117.725,92.965,42162.24,15837.760000000002
2/1/2024,MAT-0013,0.0,54.0,386.275,332.275,42108.24,15891.760000000002
2/1/2024,MAT-0015,0.0,99.0,1762.45,1663.45,42009.24,15990.760000000002
2/1/2024,MAT-0055,0.0,12.38,664.55,652.17,41996.86,16003.14
2/1/2024,MAT-0056,0.0,0.6,26.525,25.925,41996.26,16003.739999999998
2/1/2024,MAT-0084,0.0,24.75,431.525,406.775,41971.51,16028.489999999998
2/1/2024,MAT-0112,0.0,74.27,276.35,202.08000000000004,41897.240000000005,16102.759999999995
2/1/2024,MAT-0142,0.0,15.0,1101.0,1086.0,41882.240000000005,16117.759999999995
2/1/2024,MAT-0143,0.0,0.05,1061.45,1061.4,41882.19,16117.809999999998
2/1/2024,MAT-0145,0.0,34.5,3090.025,3055.525,41847.69,16152.309999999998
2/1/2024,MAT-0195,0.0,0.11,454.1,453.99,41847.58,16152.419999999998
2/1/2024,MAT-0206,0.0,90.01,839.175,749.165,41757.57,16242.43
2/1/2024,MAT-0229,0.0,49.62,251.175,201.555,41707.95,16292.050000000003
2/1/2024,MAT-0264,0.0,99.01,684.05,585.04,41608.939999999995,16391.060000000005
2/1/2024,MAT-0266,0.0,9.63,10.125,0.4949999999999992,41599.31,16400.690000000002
2/1/2024,MAT-0268,0.0,102.0,410.7,308.7,41497.31,16502.690000000002
2/1/2024,MAT-0314,0.0,3.25,922.175,918.925,41494.06,16505.940000000002
2/1/2024,MAT-0316,0.0,49.51,141.1,91.59,41444.549999999996,16555.450000000004
2/1/2024,MAT-0317,0.0,13.75,176.925,163.175,41430.799999999996,16569.200000000004
2/1/2024,MAT-0318,0.0,99.0,397.5,298.5,41331.799999999996,16668.200000000004
2/1/2024,MAT-0319,0.0,24.75,960.475,935.725,41307.049999999996,16692.950000000004
2/1/2024,MAT-0321,0.0,24.75,198.05,173.3,41282.299999999996,16717.700000000004
2/1/2024,MAT-0325,0.0,49.5,685.8,636.3,41232.799999999996,16767.200000000004
2/1/2024,MAT-0339,0.0,0.35,1.125,0.775,41232.45,16767.550000000003
2/1/2024,MAT-0340,0.0,24.75,689.375,664.625,41207.7,16792.300000000003
2/1/2024,MAT-0382,0.0,24.75,1545.775,1521.025,41182.95,16817.050000000003
2/1/2024,MAT-0389,0.0,3.01,1266.225,1263.215,41179.939999999995,16820.060000000005
2/1/2024,MAT-0390,0.0,5.5,228.35,222.85,41174.439999999995,16825.560000000005
2/1/2024,MAT-0415,0.0,49.5,882.75,833.25,41124.939999999995,16875.060000000005
2/1/2024,MAT-0428,0.0,24.75,241.875,217.125,41100.189999999995,16899.810000000005
3/1/2024,MAT-0001,0.0,25.5,1927.525,1902.025,41074.689999999995,16925.310000000005
3/1/2024,MAT-0005,0.0,0.03,0.025,-0.005,41074.659999999996,16925.340000000004
3/1/2024,MAT-0013,0.0,10.5,332.275,321.775,41064.159999999996,16935.840000000004
3/1/2024,MAT-0056,0.0,24.76,25.925,1.1649999999999956,41039.399999999994,16960.600000000006
3/1/2024,MAT-0064,0.0,69.0,118.875,49.875,40970.399999999994,17029.600000000006
3/1/2024,MAT-0082,0.0,67.5,801.075,733.575,40902.899999999994,17097.100000000006
3/1/2024,MAT-0084,0.0,17.88,406.775,388.895,40885.02,17114.980000000003
3/1/2024,MAT-0097,148.5,0.0,147.875,296.375,41033.52,16966.480000000003
3/1/2024,MAT-0111,0.0,24.75,181.5,156.75,41008.77,16991.230000000003
3/1/2024,MAT-0142,0.0,18.0,1086.0,1068.0,40990.77,17009.230000000003
3/1/2024,MAT-0143,0.0,12.0,1061.4,1049.4,40978.77,17021.230000000003
3/1/2024,MAT-0144,0.0,142.5,1503.325,1360.825,40836.27,17163.730000000003
3/1/2024,MAT-0145,0.0,309.02,3055.525,2746.505,40527.25,17472.75
3/1/2024,MAT-0146,0.0,49.5,483.45,433.95,40477.75,17522.25
3/1/2024,MAT-0156,0.0,24.77,167.75,142.98,40452.98,17547.019999999997
3/1/2024,MAT-0264,148.5,49.5,585.04,684.04,40551.98,17448.019999999997
3/1/2024,MAT-0265,297.0,0.0,4.0,301.0,40848.98,17151.019999999997
3/1/2024,MAT-0270,0.0,51.0,134.7,83.69999999999999,40797.98,17202.019999999997
3/1/2024,MAT-0314,0.0,61.5,918.925,857.425,40736.48,17263.519999999997
3/1/2024,MAT-0318,0.0,24.75,298.5,273.75,40711.73,17288.269999999997
3/1/2024,MAT-0319,0.0,173.25,935.725,762.475,40538.48,17461.519999999997
3/1/2024,MAT-0321,0.0,24.75,173.3,148.55,40513.73,17486.269999999997
3/1/2024,MAT-0328,0.0,115.5,259.925,144.425,40398.23,17601.769999999997
3/1/2024,MAT-0375,0.0,0.1,0.225,0.125,40398.130000000005,17601.869999999995
3/1/2024,MAT-0378,0.0,24.75,89.125,64.375,40373.380000000005,17626.619999999995
3/1/2024,MAT-0382,0.0,74.26,1521.025,1446.765,40299.12,17700.879999999997
3/1/2024,MAT-0386,0.0,2.76,231.25,228.49,40296.36,17703.64
3/1/2024,MAT-0389,0.0,51.0,1263.215,1212.215,40245.36,17754.64
3/1/2024,MAT-0415,0.0,99.0,833.25,734.25,40146.36,17853.64
3/1/2024,MAT-0428,0.0,49.5,217.125,167.625,40096.86,17903.14
4/1/2024,MAT-0013,0.0,3.0,321.775,318.775,40093.86,17906.14
4/1/2024,MAT-0015,0.0,24.75,1663.45,1638.7,40069.11,17930.89
4/1/2024,MAT-0046,0.0,0.2,825.575,825.375,40068.91,17931.089999999997
4/1/2024,MAT-0055,0.0,0.2,652.17,651.9699999999999,40068.71000000001,17931.289999999994
4/1/2024,MAT-0082,0.0,22.5,733.575,711.075,40046.21000000001,17953.789999999994
4/1/2024,MAT-0084,0.0,74.25,388.895,314.645,39971.96000000001,18028.039999999994
4/1/2024,MAT-0099,0.0,24.75,989.675,964.925,39947.21000000001,18052.789999999994
4/1/2024,MAT-0111,0.0,24.75,156.75,132.0,39922.46000000001,18077.539999999994
4/1/2024,MAT-0112,0.0,124.28,202.08000000000004,77.80000000000004,39798.18000000001,18201.819999999992
4/1/2024,MAT-0143,0.0,18.0,1049.4,1031.4,39780.18000000001,18219.819999999992
4/1/2024,MAT-0144,0.0,25.5,1360.825,1335.325,39754.68000000001,18245.319999999992
4/1/2024,MAT-0145,0.0,96.01,2746.505,2650.495,39658.670000000006,18341.329999999994
4/1/2024,MAT-0146,0.0,24.75,433.95,409.2,39633.920000000006,18366.079999999994
4/1/2024,MAT-0156,0.0,24.75,142.98,118.23,39609.170000000006,18390.829999999994
4/1/2024,MAT-0229,0.0,49.5,201.555,152.055,39559.670000000006,18440.329999999994
4/1/2024,MAT-0261,178.5,0.0,205.05,383.55,39738.170000000006,18261.829999999994
4/1/2024,MAT-0264,0.0,49.5,684.04,634.54,39688.670000000006,18311.329999999994
4/1/2024,MAT-0270,0.0,36.0,83.69999999999999,47.69999999999999,39652.670000000006,18347.329999999994
4/1/2024,MAT-0314,0.0,43.5,857.425,813.925,39609.170000000006,18390.829999999994
4/1/2024,MAT-0317,0.0,0.5,163.175,162.675,39608.670000000006,18391.329999999994
4/1/2024,MAT-0318,0.0,49.5,273.75,224.25,39559.170000000006,18440.829999999994
4/1/2024,MAT-0319,445.5,173.27,762.475,1034.705,39831.40000000001,18168.59999999999
4/1/2024,MAT-0321,445.5,24.75,148.55,569.3,40252.15000000001,17747.84999999999
4/1/2024,MAT-0323,76.5,0.0,222.425,298.925,40328.65000000001,17671.34999999999
4/1/2024,MAT-0328,0.0,15.0,144.425,129.425,40313.65000000001,17686.34999999999
4/1/2024,MAT-0332,220.0,0.0,89.775,309.775,40533.65000000001,17466.34999999999
4/1/2024,MAT-0333,0.0,0.1,373.35,373.25,40533.55000000001,17466.44999999999
4/1/2024,MAT-0340,0.0,0.21,664.625,664.415,40533.34000000001,17466.65999999999
4/1/2024,MAT-0379,297.0,0.0,85.875,382.875,40830.34000000001,17169.65999999999
4/1/2024,MAT-0382,0.0,49.5,1446.765,1397.265,40780.84000000001,17219.15999999999
4/1/2024,MAT-0390,0.0,37.13,222.85,185.72,40743.710000000014,17256.289999999986
4/1/2024,MAT-0415,0.0,49.5,734.25,684.75,40694.210000000014,17305.789999999986
5/1/2024,MAT-0001,0.0,141.05,1902.025,1760.975,40553.16000000001,17446.83999999999
5/1/2024,MAT-0013,0.0,27.0,318.775,291.775,40526.16000000001,17473.83999999999
5/1/2024,MAT-0015,0.0,13.75,1638.7,1624.95,40512.41000000001,17487.58999999999
5/1/2024,MAT-0035,0.0,6.88,476.925,470.045,40505.53000000001,17494.469999999987
5/1/2024,MAT-0084,0.0,74.25,314.645,240.395,40431.28000000001,17568.719999999987
5/1/2024,MAT-0097,0.0,24.75,296.375,271.625,40406.53000000001,17593.469999999987
5/1/2024,MAT-0103,0.0,1.38,118.3,116.92,40405.150000000016,17594.849999999984
5/1/2024,MAT-0112,0.0,24.75,77.80000000000004,53.05000000000004,40380.400000000016,17619.599999999984
5/1/2024,MAT-0142,0.0,9.03,1068.0,1058.97,40371.37000000002,17628.629999999983
5/1/2024,MAT-0144,0.0,154.5,1335.325,1180.825,40216.87000000002,17783.129999999983
5/1/2024,MAT-0145,0.0,25.73,2650.495,2624.765,40191.140000000014,17808.859999999986
5/1/2024,MAT-0146,0.0,99.0,409.2,310.2,40092.140000000014,17907.859999999986
5/1/2024,MAT-0156,0.0,24.75,118.23,93.48,40067.390000000014,17932.609999999986
5/1/2024,MAT-0176,0.0,51.0,180.3,129.3,40016.390000000014,17983.609999999986
5/1/2024,MAT-0196,0.0,22.5,78.4,55.900000000000006,39993.890000000014,18006.109999999986
5/1/2024,MAT-0197,0.0,0.08,0.125,0.045,39993.81000000001,18006.189999999988
5/1/2024,MAT-0201,0.0,10.5,821.55,811.05,39983.31000000001,18016.689999999988
5/1/2024,MAT-0264,0.0,148.5,634.54,486.04,39834.81000000001,18165.189999999988
5/1/2024,MAT-0270,0.0,33.5,47.69999999999999,14.199999999999989,39801.31000000001,18198.689999999988
5/1/2024,MAT-0314,0.0,18.0,813.925,795.925,39783.31000000001,18216.689999999988
5/1/2024,MAT-0319,0.0,24.75,1034.705,1009.955,39758.56000000001,18241.439999999988
5/1/2024,MAT-0321,0.0,49.510000000000005,569.3,519.79,39709.05000000001,18290.94999999999
5/1/2024,MAT-0328,0.0,24.01,129.425,105.41500000000002,39685.04000000001,18314.959999999992
5/1/2024,MAT-0380,0.0,0.1,254.95,254.85,39684.94000000001,18315.05999999999
5/1/2024,MAT-0382,0.0,115.5,1397.265,1281.765,39569.44000000001,18430.55999999999
5/1/2024,MAT-0413,148.5,0.05,46.5,194.95,39717.89000000001,18282.109999999993
5/1/2024,MAT-0415,0.0,24.75,684.75,660.0,39693.14000000001,18306.859999999993
6/1/2024,MAT-0001,0.0,76.5,1760.975,1684.475,39616.64000000001,18383.359999999993
6/1/2024,MAT-0007,0.0,12.38,92.965,80.58500000000001,39604.26000000001,18395.73999999999
6/1/2024,MAT-0013,0.0,27.450000000000003,291.775,264.325,39576.81000000001,18423.189999999988
6/1/2024,MAT-0015,0.0,24.75,1624.95,1600.2,39552.06000000001,18447.939999999988
6/1/2024,MAT-0047,0.0,5.0,707.15,702.15,39547.06000000001,18452.939999999988
6/1/2024,MAT-0049,0.0,0.05,144.175,144.125,39547.01000000001,18452.98999999999
6/1/2024,MAT-0137,0.0,49.5,672.45,622.95,39497.51000000001,18502.48999999999
6/1/2024,MAT-0142,0.0,25.5,1058.97,1033.47,39472.01000000001,18527.98999999999
6/1/2024,MAT-0143,0.0,36.08,1031.4,995.32,39435.93000000001,18564.069999999992
6/1/2024,MAT-0144,0.0,25.5,1180.825,1155.325,39410.43000000001,18589.569999999992
6/1/2024,MAT-0145,0.0,163.5,2624.765,2461.265,39246.93000000001,18753.069999999992
6/1/2024,MAT-0146,0.0,24.75,310.2,285.45,39222.18000000001,18777.819999999992
6/1/2024,MAT-0156,0.0,24.75,93.48,68.72999999999999,39197.43000000001,18802.569999999992
6/1/2024,MAT-0176,0.0,25.5,129.3,103.8,39171.93000000001,18828.069999999992
6/1/2024,MAT-0197,0.0,0.05,0.045,-0.005,39171.880000000005,18828.119999999995
6/1/2024,MAT-0201,0.0,16.5,811.05,794.55,39155.380000000005,18844.619999999995
6/1/2024,MAT-0206,0.0,0.15,749.165,749.015,39155.23,18844.769999999997
6/1/2024,MAT-0229,0.0,49.5,152.055,102.555,39105.73,18894.269999999997
6/1/2024,MAT-0259,0.0,10.0,152.75,142.75,39095.73,18904.269999999997
6/1/2024,MAT-0270,0.0,4.52,14.199999999999989,9.679999999999987,39091.21000000001,18908.789999999994
6/1/2024,MAT-0314,0.0,30.0,795.925,765.925,39061.21000000001,18938.789999999994
6/1/2024,MAT-0316,0.0,16.560000000000002,91.59,75.03,39044.65000000001,18955.34999999999
6/1/2024,MAT-0319,0.0,44.0,1009.955,965.955,39000.65000000001,18999.34999999999
6/1/2024,MAT-0321,0.0,123.75,519.79,396.04,38876.90000000001,19123.09999999999
6/1/2024,MAT-0326,0.0,24.75,110.05,85.3,38852.15000000001,19147.84999999999
6/1/2024,MAT-0328,0.0,25.5,105.41500000000002,79.91500000000002,38826.65000000001,19173.34999999999
6/1/2024,MAT-0354,49.5,0.0,0.0,49.5,38876.15000000001,19123.84999999999
6/1/2024,MAT-0379,0.0,13.75,382.875,369.125,38862.40000000001,19137.59999999999
6/1/2024,MAT-0382,148.5,74.25,1281.765,1356.015,38936.65000000001,19063.34999999999
6/1/2024,MAT-0386,0.0,24.76,228.49,203.73,38911.89000000001,19088.109999999993
6/1/2024,MAT-0389,0.0,61.5,1212.215,1150.715,38850.39000000001,19149.609999999993
6/1/2024,MAT-0396,0.0,24.75,138.75,114.0,38825.64000000001,19174.359999999993
6/1/2024,MAT-0413,148.5,0.0,194.95,343.45,38974.14000000001,19025.859999999993
7/1/2024,MAT-0001,1708.5,0.0,1684.475,3392.9750000000004,40682.64000000001,17317.359999999993
7/1/2024,MAT-0055,24.75,0.0,651.9699999999999,676.7199999999999,40707.39000000001,17292.609999999993
7/1/2024,MAT-0146,445.5,0.0,285.45,730.95,41152.89000000001,16847.109999999993
7/1/2024,MAT-0174,24.75,0.0,0.0,24.75,41177.64000000001,16822.359999999993
7/1/2024,MAT-0317,148.5,0.0,162.675,311.175,41326.14000000001,16673.859999999993
7/1/2024,MAT-0319,297.0,0.0,965.955,1262.955,41623.14000000001,16376.859999999993
7/1/2024,MAT-0321,148.5,0.0,396.04,544.54,41771.64000000001,16228.359999999993
7/1/2024,MAT-0353,148.5,0.0,32.825,181.325,41920.14000000001,16079.859999999993
7/1/2024,MAT-0375,51.0,0.0,0.125,51.125,41971.14000000001,16028.859999999993
7/1/2024,MAT-0379,297.0,0.0,369.125,666.125,42268.14000000001,15731.859999999993
7/1/2024,MAT-0428,148.5,0.0,167.625,316.125,42416.64000000001,15583.359999999993
8/1/2024,MAT-0001,0.0,27.0,3392.9750000000004,3365.9750000000004,42389.64000000001,15610.359999999993
8/1/2024,MAT-0007,0.0,24.75,80.58500000000001,55.83500000000001,42364.89000000001,15635.109999999993
8/1/2024,MAT-0035,0.0,49.5,470.045,420.545,42315.39000000001,15684.609999999993
8/1/2024,MAT-0049,0.0,49.5,144.125,94.625,42265.89000000001,15734.109999999993
8/1/2024,MAT-0056,123.75,0.0,1.1649999999999956,124.915,42389.64000000001,15610.359999999993
8/1/2024,MAT-0084,0.0,49.51,240.395,190.885,42340.130000000005,15659.869999999995
8/1/2024,MAT-0143,0.0,96.0,995.32,899.32,42244.130000000005,15755.869999999995
8/1/2024,MAT-0145,0.0,67.55,2461.265,2393.715,42176.58,15823.419999999998
8/1/2024,MAT-0146,0.0,24.76,730.95,706.19,42151.82,15848.18
8/1/2024,MAT-0159,0.0,15.0,252.7,237.7,42136.82,15863.18
8/1/2024,MAT-0196,0.0,5.0,55.900000000000006,50.900000000000006,42131.82,15868.18
8/1/2024,MAT-0206,0.0,45.0,749.015,704.015,42086.82,15913.18
8/1/2024,MAT-0261,0.0,0.05,383.55,383.5,42086.77,15913.230000000003
8/1/2024,MAT-0314,0.0,34.65,765.925,731.275,42052.119999999995,15947.880000000005
8/1/2024,MAT-0316,0.0,24.75,75.03,50.28,42027.369999999995,15972.630000000005
8/1/2024,MAT-0318,0.0,49.5,224.25,174.75,41977.869999999995,16022.130000000005
8/1/2024,MAT-0319,0.0,24.75,1262.955,1238.205,41953.119999999995,16046.880000000005
8/1/2024,MAT-0321,0.0,225.48,544.54,319.05999999999995,41727.63999999999,16272.360000000008
8/1/2024,MAT-0327,0.0,49.51,331.525,282.015,41678.12999999999,16321.87000000001
8/1/2024,MAT-0328,0.0,10.5,79.91500000000002,69.41500000000002,41667.62999999999,16332.37000000001
8/1/2024,MAT-0389,0.0,25.5,1150.715,1125.215,41642.12999999999,16357.87000000001
8/1/2024,MAT-0415,0.0,49.5,660.0,610.5,41592.62999999999,16407.37000000001
9/1/2024,MAT-0001,0.0,33.0,3365.9750000000004,3332.9750000000004,41559.62999999999,16440.37000000001
9/1/2024,MAT-0007,0.0,9.63,55.83500000000001,46.205000000000005,41549.99999999999,16450.000000000007
9/1/2024,MAT-0009,0.0,208.0,577.2,369.2000000000001,41341.99999999999,16658.000000000007
9/1/2024,MAT-0035,0.0,49.5,420.545,371.045,41292.49999999999,16707.500000000007
9/1/2024,MAT-0054,0.0,24.75,0.0,-24.75,41267.74999999999,16732.250000000007
9/1/2024,MAT-0055,0.0,41.260000000000005,676.7199999999999,635.4599999999999,41226.48999999999,16773.51000000001
9/1/2024,MAT-0065,0.0,1.2,700.425,699.2249999999999,41225.28999999999,16774.710000000006
9/1/2024,MAT-0084,0.0,74.25,190.885,116.635,41151.03999999999,16848.960000000006
9/1/2024,MAT-0113,0.0,0.81,155.825,155.015,41150.229999999996,16849.770000000004
9/1/2024,MAT-0143,0.0,25.5,899.32,873.82,41124.729999999996,16875.270000000004
9/1/2024,MAT-0144,0.0,163.5,1155.325,991.825,40961.229999999996,17038.770000000004
9/1/2024,MAT-0145,0.0,280.54,2393.715,2113.175,40680.689999999995,17319.310000000005
9/1/2024,MAT-0148,0.0,24.75,282.4,257.65,40655.939999999995,17344.060000000005
9/1/2024,MAT-0198,0.0,1.81,573.375,571.565,40654.13,17345.870000000003
9/1/2024,MAT-0201,0.0,34.559999999999995,794.55,759.99,40619.57,17380.43
9/1/2024,MAT-0202,0.0,5.5,127.65,122.15,40614.07,17385.93
9/1/2024,MAT-0229,0.0,49.51,102.555,53.04500000000001,40564.56,17435.440000000002
9/1/2024,MAT-0233,0.0,0.03,6.6,6.569999999999999,40564.53,17435.47
9/1/2024,MAT-0259,112.5,0.0,142.75,255.25,40677.03,17322.97
9/1/2024,MAT-0265,0.0,0.8,301.0,300.2,40676.229999999996,17323.770000000004
9/1/2024,MAT-0266,0.0,0.5,0.4949999999999992,-0.005,40675.729999999996,17324.270000000004
9/1/2024,MAT-0268,0.0,6.0,308.7,302.7,40669.729999999996,17330.270000000004
9/1/2024,MAT-0270,0.0,51.0,9.679999999999987,-41.32,40618.729999999996,17381.270000000004
9/1/2024,MAT-0313,0.0,0.03,2.525,2.495,40618.7,17381.300000000003
9/1/2024,MAT-0314,0.0,37.5,731.275,693.775,40581.2,17418.800000000003
9/1/2024,MAT-0315,0.0,7.53,7.525,-0.005,40573.67,17426.33
9/1/2024,MAT-0316,0.0,24.75,50.28,25.53,40548.92,17451.08
9/1/2024,MAT-0317,0.0,24.75,311.175,286.425,40524.17,17475.83
9/1/2024,MAT-0319,0.0,49.5,1238.205,1188.705,40474.67,17525.33
9/1/2024,MAT-0321,0.0,156.75,319.05999999999995,162.30999999999997,40317.92,17682.08
9/1/2024,MAT-0325,0.0,0.2,636.3,636.0999999999999,40317.72,17682.28
9/1/2024,MAT-0328,0.0,51.0,69.41500000000002,18.41500000000002,40266.72,17733.28
9/1/2024,MAT-0339,0.0,0.1,0.775,0.675,40266.62,17733.379999999997
9/1/2024,MAT-0340,0.0,24.75,664.415,639.665,40241.87,17758.129999999997
9/1/2024,MAT-0375,0.0,25.5,51.125,25.625,40216.37,17783.629999999997
9/1/2024,MAT-0379,0.0,6.13,666.125,659.995,40210.240000000005,17789.759999999995
9/1/2024,MAT-0380,0.0,24.76,254.85,230.09,40185.48,17814.519999999997
9/1/2024,MAT-0382,0.0,173.25,1356.015,1182.765,40012.23,17987.769999999997
9/1/2024,MAT-0389,0.0,3.0,1125.215,1122.215,40009.23,17990.769999999997
9/1/2024,MAT-0415,0.0,74.25,610.5,536.25,39934.98,18065.019999999997
10/1/2024,MAT-0001,0.0,51.0,3332.9750000000004,3281.9750000000004,39883.98,18116.019999999997
10/1/2024,MAT-0007,0.0,24.75,46.205000000000005,21.455000000000005,39859.23,18140.769999999997
10/1/2024,MAT-0009,0.0,187.2,369.2000000000001,182.00000000000003,39672.030000000006,18327.969999999994
10/1/2024,MAT-0013,153.0,0.0,264.325,417.325,39825.030000000006,18174.969999999994
10/1/2024,MAT-0015,0.0,24.75,1600.2,1575.45,39800.280000000006,18199.719999999994
10/1/2024,MAT-0053,0.0,0.3,2.675,2.375,39799.98,18200.019999999997
10/1/2024,MAT-0082,0.0,22.5,711.075,688.575,39777.48,18222.519999999997
10/1/2024,MAT-0111,0.0,2.75,132.0,129.25,39774.73,18225.269999999997
10/1/2024,MAT-0112,0.0,3.38,53.05000000000004,49.67000000000004,39771.350000000006,18228.649999999994
10/1/2024,MAT-0137,0.0,49.5,622.95,573.45,39721.850000000006,18278.149999999994
10/1/2024,MAT-0143,0.0,25.53,873.82,848.2900000000001,39696.32000000001,18303.679999999993
10/1/2024,MAT-0144,0.0,51.0,991.825,940.825,39645.32000000001,18354.679999999993
10/1/2024,MAT-0145,0.0,112.61,2113.175,2000.565,39532.71000000001,18467.289999999994
10/1/2024,MAT-0146,148.5,173.25,706.19,681.44,39507.96000000001,18492.039999999994
10/1/2024,MAT-0147,0.0,10.53,19.3,8.770000000000001,39497.43000000001,18502.569999999992
10/1/2024,MAT-0156,0.0,49.5,68.72999999999999,19.22999999999999,39447.93000000001,18552.069999999992
10/1/2024,MAT-0196,0.0,0.2,50.900000000000006,50.7,39447.73000000001,18552.26999999999
10/1/2024,MAT-0206,0.0,45.0,704.015,659.015,39402.73000000001,18597.26999999999
10/1/2024,MAT-0236,0.0,24.75,67.15,42.400000000000006,39377.98000000001,18622.01999999999
10/1/2024,MAT-0314,0.0,7.5,693.775,686.275,39370.48000000001,18629.51999999999
10/1/2024,MAT-0316,0.0,24.75,25.53,0.7800000000000011,39345.73000000001,18654.26999999999
10/1/2024,MAT-0318,0.0,49.51,174.75,125.24,39296.22000000001,18703.77999999999
10/1/2024,MAT-0319,0.0,24.75,1188.705,1163.955,39271.47000000001,18728.52999999999
10/1/2024,MAT-0325,0.0,0.05,636.0999999999999,636.05,39271.420000000006,18728.579999999994
10/1/2024,MAT-0328,0.0,25.5,18.41500000000002,-7.085,39245.920000000006,18754.079999999994
10/1/2024,MAT-0340,0.0,0.1,639.665,639.5649999999999,39245.82000000001,18754.179999999993
10/1/2024,MAT-0356,0.0,5.5,7.225,1.7249999999999996,39240.32000000001,18759.679999999993
10/1/2024,MAT-0379,0.0,49.5,659.995,610.495,39190.82000000001,18809.179999999993
10/1/2024,MAT-0380,0.0,49.5,230.09,180.59,39141.32000000001,18858.679999999993
10/1/2024,MAT-0382,0.0,57.75,1182.765,1125.015,39083.57000000001,18916.429999999993
10/1/2024,MAT-0389,892.5,66.0,1122.215,1948.715,39910.07000000001,18089.929999999993
11/1/2024,MAT-0001,0.0,127.23,3281.9750000000004,3154.7450000000003,39782.840000000004,18217.159999999996
11/1/2024,MAT-0007,148.5,0.0,21.455000000000005,169.955,39931.340000000004,18068.659999999996
11/1/2024,MAT-0009,0.0,104.0,182.00000000000003,78.00000000000003,39827.340000000004,18172.659999999996
11/1/2024,MAT-0015,0.0,49.5,1575.45,1525.95,39777.840000000004,18222.159999999996
11/1/2024,MAT-0032,153.0,0.0,347.8,500.8,39930.840000000004,18069.159999999996
11/1/2024,MAT-0047,0.0,22.5,702.15,679.65,39908.340000000004,18091.659999999996
11/1/2024,MAT-0066,74.25,0.0,0.0,74.25,39982.590000000004,18017.409999999996
11/1/2024,MAT-0082,0.0,67.5,688.575,621.075,39915.090000000004,18084.909999999996
11/1/2024,MAT-0084,0.0,6.88,116.635,109.755,39908.21000000001,18091.789999999994
11/1/2024,MAT-0112,280.5,0.0,49.67000000000004,330.17,40188.71000000001,17811.289999999994
11/1/2024,MAT-0142,0.0,69.9,1033.47,963.57,40118.810000000005,17881.189999999995
11/1/2024,MAT-0143,0.0,25.5,848.2900000000001,822.7900000000001,40093.310000000005,17906.689999999995
11/1/2024,MAT-0144,0.0,32.74,940.825,908.085,40060.57000000001,17939.429999999993
11/1/2024,MAT-0145,0.0,48.03,2000.565,1952.535,40012.54000000001,17987.459999999992
11/1/2024,MAT-0146,0.0,11.0,681.44,670.44,40001.54000000001,17998.459999999992
11/1/2024,MAT-0148,0.0,24.75,257.65,232.9,39976.79000000001,18023.209999999992
11/1/2024,MAT-0201,0.0,0.03,759.99,759.96,39976.76000000001,18023.23999999999
11/1/2024,MAT-0229,0.0,49.51,53.04500000000001,3.535000000000011,39927.25000000001,18072.749999999993
11/1/2024,MAT-0264,0.0,0.05,486.04,485.99,39927.200000000004,18072.799999999996
11/1/2024,MAT-0270,0.0,7.98,-41.32,-49.3,39919.22,18080.78
11/1/2024,MAT-0276,148.5,0.0,53.525,202.025,40067.72,17932.28
11/1/2024,MAT-0314,0.0,18.0,686.275,668.275,40049.72,17950.28
11/1/2024,MAT-0318,0.0,49.5,125.24,75.74000000000001,40000.22,17999.78
11/1/2024,MAT-0319,0.0,49.5,1163.955,1114.455,39950.72,18049.28
11/1/2024,MAT-0325,0.0,24.75,636.05,611.3,39925.97,18074.03
11/1/2024,MAT-0328,102.0,0.0,-7.085,94.91500000000002,40027.97,17972.03
11/1/2024,MAT-0339,25.5,0.0,0.675,26.175,40053.47,17946.53
11/1/2024,MAT-0353,0.0,24.75,181.325,156.575,40028.72,17971.28
11/1/2024,MAT-0382,0.0,123.76,1125.015,1001.255,39904.96,18095.04
11/1/2024,MAT-0386,0.0,24.75,203.73,178.98000000000002,39880.21,18119.79
12/1/2024,MAT-0001,0.0,40.5,3154.7450000000003,3114.2450000000003,39839.71,18160.29
12/1/2024,MAT-0009,0.0,104.0,78.00000000000003,-26.0,39735.71,18264.29
12/1/2024,MAT-0015,0.0,49.5,1525.95,1476.45,39686.21,18313.79
12/1/2024,MAT-0047,0.0,45.01,679.65,634.64,39641.2,18358.800000000003
12/1/2024,MAT-0056,0.0,24.75,124.915,100.165,39616.45,18383.550000000003
12/1/2024,MAT-0082,0.0,45.0,621.075,576.075,39571.45,18428.550000000003
12/1/2024,MAT-0097,0.0,49.5,271.625,222.125,39521.95,18478.050000000003
12/1/2024,MAT-0099,0.0,24.75,964.925,940.175,39497.2,18502.800000000003
12/1/2024,MAT-0104,0.0,9.63,24.25,14.62,39487.57,18512.43
12/1/2024,MAT-0112,0.0,24.78,330.17,305.39,39462.79,18537.21
12/1/2024,MAT-0142,0.0,7.5,963.57,956.07,39455.29,18544.71
12/1/2024,MAT-0143,0.0,15.0,822.7900000000001,807.7900000000001,39440.29,18559.71
12/1/2024,MAT-0144,0.0,70.5,908.085,837.585,39369.79,18630.21
12/1/2024,MAT-0145,0.0,94.5,1952.535,1858.035,39275.29,18724.71
12/1/2024,MAT-0148,0.0,24.75,232.9,208.15,39250.54,18749.46
12/1/2024,MAT-0193,0.0,15.64,85.68,70.04,39234.9,18765.1
12/1/2024,MAT-0198,0.0,1.38,571.565,570.1850000000001,39233.520000000004,18766.479999999996
12/1/2024,MAT-0261,0.0,1.0,383.5,382.5,39232.520000000004,18767.479999999996
12/1/2024,MAT-0265,0.0,148.5,300.2,151.7,39084.020000000004,18915.979999999996
12/1/2024,MAT-0270,76.5,0.0,-49.3,27.19999999999999,39160.520000000004,18839.479999999996
12/1/2024,MAT-0314,0.0,15.0,668.275,653.275,39145.520000000004,18854.479999999996
12/1/2024,MAT-0328,0.0,27.0,94.91500000000002,67.91500000000002,39118.520000000004,18881.479999999996
12/1/2024,MAT-0339,0.0,0.03,26.175,26.145,39118.490000000005,18881.509999999995
12/1/2024,MAT-0380,0.0,24.76,180.59,155.83,39093.73,18906.269999999997
12/1/2024,MAT-0382,0.0,49.5,1001.255,951.755,39044.23,18955.769999999997
12/1/2024,MAT-0413,247.5,0.0,343.45,590.95,39291.73,18708.269999999997
13/1/2024,MAT-0001,0.0,160.51,3114.2450000000003,2953.7350000000006,39131.22,18868.78
13/1/2024,MAT-0009,0.0,62.400000000000006,-26.0,-88.4,39068.82,18931.18
13/1/2024,MAT-0047,0.0,22.5,634.64,612.14,39046.32,18953.68
13/1/2024,MAT-0053,0.0,0.2,2.375,2.175,39046.12,18953.879999999997
13/1/2024,MAT-0065,0.0,0.2,699.2249999999999,699.0249999999999,39045.920000000006,18954.079999999994
13/1/2024,MAT-0082,0.0,45.0,576.075,531.075,39000.920000000006,18999.079999999994
13/1/2024,MAT-0097,0.0,49.5,222.125,172.625,38951.420000000006,19048.579999999994
13/1/2024,MAT-0137,0.0,49.51,573.45,523.94,38901.91,19098.089999999997
13/1/2024,MAT-0142,0.0,6.0,956.07,950.07,38895.91,19104.089999999997
13/1/2024,MAT-0144,0.0,229.5,837.585,608.085,38666.41,19333.589999999997
13/1/2024,MAT-0145,0.0,52.5,1858.035,1805.535,38613.91,19386.089999999997
13/1/2024,MAT-0150,0.0,0.05,255.9,255.85,38613.86,19386.14
13/1/2024,MAT-0200,0.0,0.6,1.2,0.6,38613.26,19386.739999999998
13/1/2024,MAT-0265,0.0,123.76,151.7,27.94,38489.5,19510.5
13/1/2024,MAT-0270,0.0,52.51,27.19999999999999,-25.31,38436.99,19563.010000000002
13/1/2024,MAT-0314,0.0,7.5,653.275,645.775,38429.49,19570.510000000002
13/1/2024,MAT-0317,0.0,24.75,286.425,261.675,38404.74,19595.260000000002
13/1/2024,MAT-0319,0.0,24.75,1114.455,1089.705,38379.99,19620.010000000002
13/1/2024,MAT-0321,0.0,24.75,162.30999999999997,137.55999999999997,38355.24,19644.760000000002
13/1/2024,MAT-0324,0.0,3.01,564.05,561.04,38352.229999999996,19647.770000000004
13/1/2024,MAT-0327,0.0,0.5,282.015,281.515,38351.729999999996,19648.270000000004
13/1/2024,MAT-0328,0.0,3.0,67.91500000000002,64.91500000000002,38348.729999999996,19651.270000000004
13/1/2024,MAT-0332,0.0,100.01,309.775,209.765,38248.719999999994,19751.280000000006
13/1/2024,MAT-0379,0.0,0.2,610.495,610.295,38248.52,19751.480000000003
13/1/2024,MAT-0382,0.0,24.75,951.755,927.005,38223.77,19776.230000000003
14/1/2024,MAT-0067,24.75,0.0,0.0,24.75,38248.52,19751.480000000003
14/1/2024,MAT-0097,74.25,0.0,172.625,246.875,38322.77,19677.230000000003
14/1/2024,MAT-0142,204.0,0.0,950.07,1154.0700000000002,38526.77,19473.230000000003
14/1/2024,MAT-0147,76.5,0.0,8.770000000000001,85.27,38603.27,19396.730000000003
14/1/2024,MAT-0176,51.0,0.0,103.8,154.8,38654.27,19345.730000000003
14/1/2024,MAT-0265,297.0,0.0,27.94,324.94,38951.27,19048.730000000003
14/1/2024,MAT-0321,148.5,0.0,137.55999999999997,286.05999999999995,39099.77,18900.230000000003
14/1/2024,MAT-0356,49.5,0.0,1.7249999999999996,51.225,39149.27,18850.730000000003
15/1/2024,MAT-0001,0.0,51.0,2953.7350000000006,2902.7350000000006,39098.27,18901.730000000003
15/1/2024,MAT-0009,0.0,41.6,-88.4,-130.0,39056.67,18943.33
15/1/2024,MAT-0013,0.0,6.0,417.325,411.325,39050.67,18949.33
15/1/2024,MAT-0015,0.0,2.75,1476.45,1473.7,39047.92,18952.08
15/1/2024,MAT-0046,0.0,0.05,825.375,825.325,39047.869999999995,18952.130000000005
15/1/2024,MAT-0053,0.0,0.2,2.175,1.975,39047.67,18952.33
15/1/2024,MAT-0084,0.0,74.25,109.755,35.504999999999995,38973.42,19026.58
15/1/2024,MAT-0137,0.0,24.75,523.94,499.19000000000005,38948.67,19051.33
15/1/2024,MAT-0142,0.0,48.02,1154.0700000000002,1106.0500000000002,38900.65,19099.35
15/1/2024,MAT-0144,0.0,102.0,608.085,506.085,38798.65,19201.35
15/1/2024,MAT-0145,0.0,76.5,1805.535,1729.035,38722.15,19277.85
15/1/2024,MAT-0149,0.0,5.08,0.0,-5.08,38717.07,19282.93
15/1/2024,MAT-0150,0.0,25.5,255.85,230.35,38691.57,19308.43
15/1/2024,MAT-0151,0.0,6.88,157.525,150.645,38684.69,19315.309999999998
15/1/2024,MAT-0195,0.0,0.5,453.99,453.49,38684.19,19315.809999999998
15/1/2024,MAT-0229,0.0,123.77,3.535000000000011,-120.235,38560.420000000006,19439.579999999994
15/1/2024,MAT-0264,0.0,74.25,485.99,411.74,38486.170000000006,19513.829999999994
15/1/2024,MAT-0265,0.0,24.75,324.94,300.19,38461.420000000006,19538.579999999994
15/1/2024,MAT-0270,0.0,25.5,-25.31,-50.81,38435.920000000006,19564.079999999994
15/1/2024,MAT-0314,0.0,10.5,645.775,635.275,38425.420000000006,19574.579999999994
15/1/2024,MAT-0318,0.0,24.75,75.74000000000001,50.99000000000001,38400.670000000006,19599.329999999994
15/1/2024,MAT-0319,0.0,0.03,1089.705,1089.675,38400.64000000001,19599.359999999993
15/1/2024,MAT-0321,0.0,297.01,286.05999999999995,-10.95,38103.630000000005,19896.369999999995
15/1/2024,MAT-0323,0.0,25.5,298.925,273.425,38078.130000000005,19921.869999999995
15/1/2024,MAT-0332,0.0,60.0,209.765,149.765,38018.130000000005,19981.869999999995
15/1/2024,MAT-0356,0.0,2.76,51.225,48.465,38015.37,19984.629999999997
15/1/2024,MAT-0357,0.0,0.05,82.85,82.8,38015.32,19984.68
15/1/2024,MAT-0378,0.0,12.38,64.375,51.995,38002.94,19997.059999999998
15/1/2024,MAT-0379,0.0,5.5,610.295,604.795,37997.44,20002.559999999998
15/1/2024,MAT-0382,0.0,24.75,927.005,902.255,37972.69,20027.309999999998
15/1/2024,MAT-0396,0.0,15.96,114.0,98.04,37956.73,20043.269999999997
15/1/2024,MAT-0413,99.0,0.0,590.95,689.95,38055.73,19944.269999999997
16/1/2024,MAT-0001,0.0,43.5,2902.7350000000006,2859.2350000000006,38012.23,19987.769999999997
16/1/2024,MAT-0013,0.0,15.0,411.325,396.325,37997.23,20002.769999999997
16/1/2024,MAT-0049,0.0,0.2,94.625,94.425,37997.030000000006,20002.969999999994
16/1/2024,MAT-0082,0.0,22.5,531.075,508.5750000000001,37974.530000000006,20025.469999999994
16/1/2024,MAT-0104,12.375,0.0,14.62,26.995,37986.905000000006,20013.094999999994
16/1/2024,MAT-0111,99.0,24.75,129.25,203.5,38061.155000000006,19938.844999999994
16/1/2024,MAT-0142,0.0,25.5,1106.0500000000002,1080.5500000000002,38035.655000000006,19964.344999999994
16/1/2024,MAT-0143,0.0,28.5,807.7900000000001,779.2900000000001,38007.155000000006,19992.844999999994
16/1/2024,MAT-0145,510.0,1.5,1729.035,2237.535,38515.655000000006,19484.344999999994
16/1/2024,MAT-0146,148.5,0.0,670.44,818.94,38664.155000000006,19335.844999999994
16/1/2024,MAT-0148,0.0,24.76,208.15,183.39,38639.395000000004,19360.604999999996
16/1/2024,MAT-0176,0.0,25.5,154.8,129.3,38613.895000000004,19386.104999999996
16/1/2024,MAT-0201,357.0,25.5,759.96,1091.46,38945.395000000004,19054.604999999996
16/1/2024,MAT-0229,0.0,0.5,-120.235,-120.735,38944.895000000004,19055.104999999996
16/1/2024,MAT-0250,12.375,0.0,0.0,12.375,38957.270000000004,19042.729999999996
16/1/2024,MAT-0256,0.0,24.75,148.4,123.65,38932.520000000004,19067.479999999996
16/1/2024,MAT-0265,0.0,173.35,300.19,126.84,38759.170000000006,19240.829999999994
16/1/2024,MAT-0266,0.0,24.75,-0.005,-24.755,38734.420000000006,19265.579999999994
16/1/2024,MAT-0268,229.5,0.0,302.7,532.2,38963.920000000006,19036.079999999994
16/1/2024,MAT-0270,0.0,15.0,-50.81,-65.81,38948.920000000006,19051.079999999994
16/1/2024,MAT-0295,0.0,1.38,110.225,108.845,38947.54000000001,19052.459999999992
16/1/2024,MAT-0314,0.0,27.0,635.275,608.275,38920.54000000001,19079.459999999992
16/1/2024,MAT-0316,148.5,0.0,0.7800000000000011,149.28,39069.04000000001,18930.959999999992
16/1/2024,MAT-0321,0.0,24.75,-10.95,-35.7,39044.29000000001,18955.709999999992
16/1/2024,MAT-0327,0.0,24.76,281.515,256.755,39019.530000000006,18980.469999999994
16/1/2024,MAT-0328,0.0,10.5,64.91500000000002,54.41500000000002,39009.030000000006,18990.969999999994
16/1/2024,MAT-0332,7.0,180.02,149.765,-23.255,38836.01000000001,19163.98999999999
16/1/2024,MAT-0340,0.0,24.95,639.5649999999999,614.6149999999999,38811.06000000001,19188.939999999988
16/1/2024,MAT-0352,0.0,2.75,21.65,18.9,38808.31000000001,19191.689999999988
16/1/2024,MAT-0353,0.0,24.76,156.575,131.815,38783.55000000001,19216.44999999999
16/1/2024,MAT-0356,0.0,11.0,48.465,37.465,38772.55000000001,19227.44999999999
16/1/2024,MAT-0382,0.0,24.75,902.255,877.5050000000001,38747.80000000001,19252.19999999999
16/1/2024,MAT-0388,99.0,0.0,21.725,120.725,38846.80000000001,19153.19999999999
16/1/2024,MAT-0390,0.0,0.1,185.72,185.62,38846.70000000001,19153.29999999999
16/1/2024,MAT-0415,0.0,99.15,536.25,437.1,38747.55000000001,19252.44999999999
17/1/2024,MAT-0001,0.0,102.01,2859.2350000000006,2757.2250000000004,38645.54000000001,19354.459999999992
17/1/2024,MAT-0009,0.0,62.4,-130.0,-192.4,38583.14000000001,19416.859999999993
17/1/2024,MAT-0015,0.0,24.75,1473.7,1448.95,38558.39000000001,19441.609999999993
17/1/2024,MAT-0050,0.0,0.03,224.2,224.17,38558.36000000001,19441.639999999992
17/1/2024,MAT-0103,0.0,1.38,116.92,115.54,38556.98000000001,19443.01999999999
17/1/2024,MAT-0143,0.0,27.0,779.2900000000001,752.2900000000001,38529.98000000001,19470.01999999999
17/1/2024,MAT-0144,510.0,0.03,506.085,1016.055,39039.95000000001,18960.04999999999
17/1/2024,MAT-0145,1020.0,60.0,2237.535,3197.535,39999.95000000001,18000.04999999999
17/1/2024,MAT-0150,0.0,0.05,230.35,230.3,39999.90000000001,18000.09999999999
17/1/2024,MAT-0151,0.0,0.2,150.645,150.44500000000002,39999.70000000001,18000.29999999999
17/1/2024,MAT-0229,0.0,24.75,-120.735,-145.485,39974.95000000001,18025.04999999999
17/1/2024,MAT-0264,148.5,0.0,411.74,560.24,40123.45000000001,17876.54999999999
17/1/2024,MAT-0265,0.0,123.75,126.84,3.0900000000000034,39999.70000000001,18000.29999999999
17/1/2024,MAT-0316,297.0,0.0,149.28,446.28,40296.70000000001,17703.29999999999
17/1/2024,MAT-0317,0.0,24.75,261.675,236.925,40271.95000000001,17728.04999999999
17/1/2024,MAT-0321,0.0,49.5,-35.7,-85.2,40222.45000000001,17777.54999999999
17/1/2024,MAT-0325,0.0,24.75,611.3,586.55,40197.70000000001,17802.29999999999
17/1/2024,MAT-0328,0.0,25.5,54.41500000000002,28.91500000000002,40172.20000000001,17827.79999999999
17/1/2024,MAT-0332,0.0,140.0,-23.255,-163.255,40032.20000000001,17967.79999999999
17/1/2024,MAT-0382,0.0,74.25,877.5050000000001,803.2550000000001,39957.95000000001,18042.04999999999
17/1/2024,MAT-0389,0.0,76.5,1948.715,1872.215,39881.45000000001,18118.54999999999
17/1/2024,MAT-0415,0.0,99.01,437.1,338.09000000000003,39782.44000000001,18217.55999999999
17/1/2024,MAT-0416,0.0,24.75,585.125,560.375,39757.69000000001,18242.30999999999
17/1/2024,MAT-0428,0.0,1.38,316.125,314.745,39756.31000000001,18243.689999999988
18/1/2024,MAT-0001,0.0,58.5,2757.2250000000004,2698.7250000000004,39697.81000000001,18302.189999999988
18/1/2024,MAT-0009,0.0,62.4,-192.4,-254.8,39635.41000000001,18364.58999999999
18/1/2024,MAT-0015,0.0,90.88,1448.95,1358.0700000000002,39544.53000000001,18455.469999999987
18/1/2024,MAT-0053,0.0,4.13,1.975,-2.155,39540.400000000016,18459.599999999984
18/1/2024,MAT-0057,0.0,0.3,33.4,33.1,39540.10000000001,18459.899999999987
18/1/2024,MAT-0084,0.0,49.7,35.504999999999995,-14.195,39490.400000000016,18509.599999999984
18/1/2024,MAT-0097,148.5,0.0,246.875,395.375,39638.900000000016,18361.099999999984
18/1/2024,MAT-0111,0.0,24.75,203.5,178.75,39614.150000000016,18385.849999999984
18/1/2024,MAT-0113,0.0,0.3,155.015,154.71499999999995,39613.85000000001,18386.149999999987
18/1/2024,MAT-0114,0.0,0.1,108.95,108.85,39613.750000000015,18386.249999999985
18/1/2024,MAT-0137,0.0,24.75,499.19000000000005,474.44000000000005,39589.000000000015,18410.999999999985
18/1/2024,MAT-0142,0.0,25.5,1080.5500000000002,1055.0500000000002,39563.500000000015,18436.499999999985
18/1/2024,MAT-0144,0.0,112.5,1016.055,903.555,39451.000000000015,18548.999999999985
18/1/2024,MAT-0145,0.0,57.0,3197.535,3140.535,39394.000000000015,18605.999999999985
18/1/2024,MAT-0178,0.0,0.03,2.6,2.5700000000000003,39393.970000000016,18606.029999999984
18/1/2024,MAT-0198,0.0,6.88,570.1850000000001,563.3050000000001,39387.09000000002,18612.90999999998
18/1/2024,MAT-0229,0.0,0.2,-145.485,-145.685,39386.89000000002,18613.10999999998
18/1/2024,MAT-0268,102.0,81.0,532.2,553.2,39407.89000000002,18592.10999999998
18/1/2024,MAT-0314,0.0,45.0,608.275,563.275,39362.89000000002,18637.10999999998
18/1/2024,MAT-0318,0.0,0.31,50.99000000000001,50.68000000000001,39362.58000000002,18637.419999999976
18/1/2024,MAT-0319,0.0,24.75,1089.675,1064.925,39337.83000000002,18662.169999999976
18/1/2024,MAT-0321,0.0,148.5,-85.2,-233.7,39189.33000000002,18810.669999999976
18/1/2024,MAT-0325,148.5,0.0,586.55,735.05,39337.83000000002,18662.169999999976
18/1/2024,MAT-0327,0.0,0.35,256.755,256.405,39337.480000000025,18662.519999999975
18/1/2024,MAT-0332,0.0,140.01,-163.255,-303.265,39197.47000000002,18802.529999999977
18/1/2024,MAT-0339,0.0,0.1,26.145,26.045,39197.370000000024,18802.629999999976
18/1/2024,MAT-0340,0.0,0.2,614.6149999999999,614.4149999999998,39197.17000000003,18802.829999999973
18/1/2024,MAT-0373,16.5,0.0,0.05,16.55,39213.67000000003,18786.329999999973
18/1/2024,MAT-0379,0.0,41.25,604.795,563.545,39172.42000000003,18827.579999999973
18/1/2024,MAT-0382,148.5,24.75,803.2550000000001,927.005,39296.17000000003,18703.829999999973
18/1/2024,MAT-0386,23.375,0.0,178.98000000000002,202.355,39319.54500000003,18680.454999999973
18/1/2024,MAT-0389,0.0,109.5,1872.215,1762.715,39210.04500000003,18789.954999999973
18/1/2024,MAT-0390,297.0,33.5,185.62,449.12,39473.54500000003,18526.454999999973
18/1/2024,MAT-0415,0.0,24.75,338.09000000000003,313.34000000000003,39448.79500000003,18551.204999999973
19/1/2024,MAT-0009,0.0,83.2,-254.8,-338.0,39365.59500000003,18634.40499999997
19/1/2024,MAT-0013,0.0,10.53,396.325,385.795,39355.06500000003,18644.93499999997
19/1/2024,MAT-0015,0.0,24.75,1358.0700000000002,1333.3200000000002,39330.31500000003,18669.68499999997
19/1/2024,MAT-0035,0.0,49.5,371.045,321.545,39280.81500000003,18719.18499999997
19/1/2024,MAT-0055,0.0,24.75,635.4599999999999,610.7099999999999,39256.06500000003,18743.93499999997
19/1/2024,MAT-0057,0.0,0.03,33.1,33.07,39256.03500000003,18743.964999999967
19/1/2024,MAT-0082,0.0,22.51,508.5750000000001,486.06500000000005,39233.52500000003,18766.47499999997
19/1/2024,MAT-0084,0.0,19.25,-14.195,-33.445,39214.27500000003,18785.72499999997
19/1/2024,MAT-0099,0.0,24.75,940.175,915.425,39189.52500000003,18810.47499999997
19/1/2024,MAT-0143,0.0,15.0,752.2900000000001,737.2900000000001,39174.52500000003,18825.47499999997
19/1/2024,MAT-0144,0.0,0.03,903.555,903.525,39174.49500000003,18825.50499999997
19/1/2024,MAT-0145,0.0,91.5,3140.535,3049.035,39082.99500000003,18917.00499999997
19/1/2024,MAT-0176,0.0,25.5,129.3,103.8,39057.49500000003,18942.50499999997
19/1/2024,MAT-0193,0.0,10.2,70.04,59.84,39047.295000000035,18952.704999999965
19/1/2024,MAT-0206,0.0,0.03,659.015,658.985,39047.265000000036,18952.734999999964
19/1/2024,MAT-0233,0.0,0.05,6.569999999999999,6.52,39047.21500000003,18952.784999999967
19/1/2024,MAT-0265,0.0,24.75,3.0900000000000034,-21.66,39022.46500000003,18977.534999999967
19/1/2024,MAT-0270,0.0,25.5,-65.81,-91.31,38996.96500000003,19003.034999999967
19/1/2024,MAT-0314,0.0,22.5,563.275,540.775,38974.46500000003,19025.534999999967
19/1/2024,MAT-0321,148.5,99.0,-233.7,-184.2,39023.96500000003,18976.034999999967
19/1/2024,MAT-0327,0.0,12.38,256.405,244.025,39011.585000000036,18988.414999999964
19/1/2024,MAT-0332,0.0,100.01,-303.265,-403.275,38911.57500000003,19088.424999999967
19/1/2024,MAT-0338,0.0,0.05,38.0,37.95,38911.52500000003,19088.47499999997
19/1/2024,MAT-0339,0.0,0.08,26.045,25.965,38911.44500000003,19088.55499999997
19/1/2024,MAT-0340,0.0,24.75,614.4149999999998,589.6649999999998,38886.69500000003,19113.30499999997
19/1/2024,MAT-0382,0.0,24.75,927.005,902.255,38861.94500000003,19138.05499999997
20/1/2024,MAT-0001,0.0,18.0,2698.7250000000004,2680.7250000000004,38843.94500000003,19156.05499999997
20/1/2024,MAT-0009,0.0,20.8,-338.0,-358.8,38823.145000000026,19176.854999999974
20/1/2024,MAT-0013,0.0,3.0,385.795,382.795,38820.145000000026,19179.854999999974
20/1/2024,MAT-0103,0.0,49.52,115.54,66.02000000000001,38770.62500000003,19229.37499999997
20/1/2024,MAT-0137,0.0,24.75,474.44000000000005,449.69000000000005,38745.87500000003,19254.12499999997
20/1/2024,MAT-0142,0.0,18.0,1055.0500000000002,1037.0500000000002,38727.87500000003,19272.12499999997
20/1/2024,MAT-0145,0.0,98.13,3049.035,2950.905,38629.74500000003,19370.25499999997
20/1/2024,MAT-0146,0.0,11.0,818.94,807.94,38618.74500000003,19381.25499999997
20/1/2024,MAT-0206,0.0,45.3,658.985,613.6850000000001,38573.44500000003,19426.55499999997
20/1/2024,MAT-0319,0.0,49.5,1064.925,1015.425,38523.94500000003,19476.05499999997
20/1/2024,MAT-0332,0.0,180.01,-403.275,-583.285,38343.93500000003,19656.064999999973
20/1/2024,MAT-0378,0.0,24.75,51.995,27.245,38319.18500000003,19680.814999999973
20/1/2024,MAT-0379,0.0,70.14,563.545,493.405,38249.04500000003,19750.954999999973
20/1/2024,MAT-0390,0.0,0.1,449.12,449.02,38248.94500000003,19751.05499999997
21/1/2024,MAT-0035,148.5,0.0,321.545,470.045,38397.44500000003,19602.55499999997
21/1/2024,MAT-0117,22.5,0.0,0.35,22.85,38419.94500000003,19580.05499999997
21/1/2024,MAT-0218,23.375,0.0,0.0,23.375,38443.32000000003,19556.67999999997
21/1/2024,MAT-0316,148.5,0.0,446.28,594.78,38591.82000000003,19408.17999999997
21/1/2024,MAT-0390,93.5,0.0,449.02,542.52,38685.32000000003,19314.67999999997
22/1/2024,MAT-0001,0.0,153.01,2680.7250000000004,2527.715,38532.31000000003,19467.689999999973
22/1/2024,MAT-0007,0.0,20.63,169.955,149.32500000000002,38511.68000000003,19488.31999999997
22/1/2024,MAT-0013,0.0,9.0,382.795,373.795,38502.68000000003,19497.31999999997
22/1/2024,MAT-0049,74.25,0.0,94.425,168.675,38576.93000000003,19423.06999999997
22/1/2024,MAT-0065,0.0,26.13,699.0249999999999,672.8949999999999,38550.80000000003,19449.199999999968
22/1/2024,MAT-0112,0.0,24.8,305.39,280.59,38526.00000000003,19473.99999999997
22/1/2024,MAT-0137,148.5,0.0,449.69000000000005,598.19,38674.50000000003,19325.49999999997
22/1/2024,MAT-0142,0.0,10.5,1037.0500000000002,1026.5500000000002,38664.00000000003,19335.99999999997
22/1/2024,MAT-0144,0.0,229.5,903.525,674.0250000000001,38434.50000000003,19565.49999999997
22/1/2024,MAT-0145,0.0,73.5,2950.905,2877.405,38361.00000000003,19638.99999999997
22/1/2024,MAT-0206,0.0,22.51,613.6850000000001,591.1750000000001,38338.49000000003,19661.509999999973
22/1/2024,MAT-0256,0.0,24.75,123.65,98.9,38313.74000000003,19686.259999999973
22/1/2024,MAT-0259,135.0,22.51,255.25,367.74,38426.230000000025,19573.769999999975
22/1/2024,MAT-0266,148.5,0.0,-24.755,123.745,38574.730000000025,19425.269999999975
22/1/2024,MAT-0268,0.0,51.0,553.2,502.2000000000001,38523.730000000025,19476.269999999975
22/1/2024,MAT-0314,0.0,7.5,540.775,533.275,38516.230000000025,19483.769999999975
22/1/2024,MAT-0316,148.5,0.0,594.78,743.28,38664.730000000025,19335.269999999975
22/1/2024,MAT-0318,148.5,0.0,50.68000000000001,199.18,38813.230000000025,19186.769999999975
22/1/2024,MAT-0319,0.0,222.75,1015.425,792.675,38590.480000000025,19409.519999999975
22/1/2024,MAT-0321,0.0,74.25,-184.2,-258.45,38516.230000000025,19483.769999999975
22/1/2024,MAT-0328,0.0,16.5,28.91500000000002,12.41500000000002,38499.730000000025,19500.269999999975
22/1/2024,MAT-0332,0.0,100.01,-583.285,-683.295,38399.72000000002,19600.279999999977
22/1/2024,MAT-0353,0.0,28.88,131.815,102.935,38370.840000000026,19629.159999999974
22/1/2024,MAT-0379,0.0,99.0,493.405,394.405,38271.840000000026,19728.159999999974
22/1/2024,MAT-0382,0.0,24.75,902.255,877.5050000000001,38247.090000000026,19752.909999999974
22/1/2024,MAT-0413,0.0,3.01,689.95,686.94,38244.08000000002,19755.919999999976
23/1/2024,MAT-0001,0.0,73.5,2527.715,2454.215,38170.58000000002,19829.419999999976
23/1/2024,MAT-0013,0.0,15.0,373.795,358.795,38155.58000000002,19844.419999999976
23/1/2024,MAT-0015,0.0,0.4,1333.3200000000002,1332.92,38155.18000000002,19844.819999999978
23/1/2024,MAT-0082,0.0,22.5,486.06500000000005,463.56500000000005,38132.68000000002,19867.319999999978
23/1/2024,MAT-0137,0.0,11.0,598.19,587.19,38121.68000000002,19878.319999999978
23/1/2024,MAT-0142,0.0,25.5,1026.5500000000002,1001.0500000000002,38096.18000000002,19903.819999999978
23/1/2024,MAT-0143,0.0,25.5,737.2900000000001,711.7900000000001,38070.68000000002,19929.319999999978
23/1/2024,MAT-0144,178.5,10.5,674.0250000000001,842.0250000000001,38238.68000000002,19761.319999999978
23/1/2024,MAT-0145,765.0,97.5,2877.405,3544.905,38906.18000000002,19093.819999999978
23/1/2024,MAT-0146,0.0,24.75,807.94,783.19,38881.43000000002,19118.569999999978
23/1/2024,MAT-0151,148.5,2.75,150.44500000000002,296.19500000000005,39027.18000000002,18972.819999999978
23/1/2024,MAT-0236,0.0,0.2,42.400000000000006,42.2,39026.980000000025,18973.019999999975
23/1/2024,MAT-0266,0.0,24.75,123.745,98.995,39002.230000000025,18997.769999999975
23/1/2024,MAT-0270,0.0,40.5,-91.31,-131.81,38961.730000000025,19038.269999999975
23/1/2024,MAT-0314,0.0,25.5,533.275,507.775,38936.230000000025,19063.769999999975
23/1/2024,MAT-0319,297.0,173.28,792.675,916.395,39059.950000000026,18940.049999999974
23/1/2024,MAT-0321,297.0,49.5,-258.45,-10.95,39307.450000000026,18692.549999999974
23/1/2024,MAT-0322,0.0,49.5,3.175,-46.325,39257.950000000026,18742.049999999974
23/1/2024,MAT-0328,0.0,10.5,12.41500000000002,1.9150000000000205,39247.450000000026,18752.549999999974
23/1/2024,MAT-0332,0.0,100.0,-683.295,-783.295,39147.450000000026,18852.549999999974
23/1/2024,MAT-0379,0.0,99.0,394.405,295.405,39048.450000000026,18951.549999999974
23/1/2024,MAT-0380,0.0,99.01,155.83,56.82000000000001,38949.440000000024,19050.559999999976
23/1/2024,MAT-0382,148.5,24.75,877.5050000000001,1001.255,39073.190000000024,18926.809999999976
23/1/2024,MAT-0390,0.0,5.5,542.52,537.02,39067.690000000024,18932.309999999976
23/1/2024,MAT-0415,0.0,99.0,313.34000000000003,214.34000000000003,38968.690000000024,19031.309999999976
23/1/2024,MAT-0416,0.0,0.08,560.375,560.295,38968.61000000002,19031.389999999978
23/1/2024,MAT-0428,198.0,0.0,314.745,512.745,39166.61000000002,18833.389999999978
24/1/2024,MAT-0001,0.0,51.0,2454.215,2403.215,39115.61000000002,18884.389999999978
24/1/2024,MAT-0007,148.5,0.0,149.32500000000002,297.82500000000005,39264.11000000002,18735.889999999978
24/1/2024,MAT-0015,0.0,49.18,1332.92,1283.74,39214.93000000002,18785.069999999978
24/1/2024,MAT-0035,247.5,0.05,470.045,717.4950000000001,39462.38000000002,18537.61999999998
24/1/2024,MAT-0049,0.0,24.75,168.675,143.925,39437.63000000002,18562.36999999998
24/1/2024,MAT-0053,0.0,9.73,-2.155,-11.885,39427.900000000016,18572.099999999984
24/1/2024,MAT-0082,0.0,22.5,463.56500000000005,441.06500000000005,39405.400000000016,18594.599999999984
24/1/2024,MAT-0084,0.0,24.75,-33.445,-58.195,39380.650000000016,18619.349999999984
24/1/2024,MAT-0085,0.0,0.1,16.0,15.9,39380.55000000002,18619.449999999983
24/1/2024,MAT-0097,0.0,23.38,395.375,371.995,39357.17000000002,18642.82999999998
24/1/2024,MAT-0105,24.75,0.0,0.0,24.75,39381.92000000002,18618.07999999998
24/1/2024,MAT-0112,0.0,24.75,280.59,255.84,39357.17000000002,18642.82999999998
24/1/2024,MAT-0143,0.0,12.0,711.7900000000001,699.7900000000001,39345.17000000002,18654.82999999998
24/1/2024,MAT-0144,0.0,43.5,842.0250000000001,798.5250000000001,39301.67000000002,18698.32999999998
24/1/2024,MAT-0145,255.0,58.53,3544.905,3741.375,39498.14000000002,18501.85999999998
24/1/2024,MAT-0160,24.75,0.0,0.0,24.75,39522.89000000002,18477.10999999998
24/1/2024,MAT-0178,0.0,0.03,2.5700000000000003,2.5400000000000005,39522.86000000002,18477.139999999978
24/1/2024,MAT-0196,0.0,0.7,50.7,50.0,39522.160000000025,18477.839999999975
24/1/2024,MAT-0229,0.0,27.51,-145.685,-173.195,39494.65000000002,18505.349999999977
24/1/2024,MAT-0234,0.0,0.05,717.025,716.975,39494.60000000002,18505.39999999998
24/1/2024,MAT-0268,0.0,0.03,502.2000000000001,502.1700000000001,39494.57000000002,18505.42999999998
24/1/2024,MAT-0276,116.875,0.0,202.025,318.9,39611.44500000002,18388.55499999998
24/1/2024,MAT-0314,0.0,18.009999999999998,507.775,489.765,39593.43500000002,18406.56499999998
24/1/2024,MAT-0319,297.0,74.25,916.395,1139.145,39816.18500000002,18183.81499999998
24/1/2024,MAT-0321,0.0,24.75,-10.95,-35.7,39791.43500000002,18208.56499999998
24/1/2024,MAT-0322,0.0,24.75,-46.325,-71.075,39766.68500000002,18233.31499999998
24/1/2024,MAT-0325,0.0,6.88,735.05,728.17,39759.80500000002,18240.194999999978
24/1/2024,MAT-0328,0.0,25.5,1.9150000000000205,-23.585,39734.30500000002,18265.694999999978
24/1/2024,MAT-0332,1800.0,0.0,-783.295,1016.705,41534.30500000002,16465.694999999978
24/1/2024,MAT-0334,49.5,0.0,0.0,49.5,41583.80500000002,16416.194999999978
24/1/2024,MAT-0338,0.0,1.5,37.95,36.45,41582.30500000002,16417.694999999978
24/1/2024,MAT-0356,0.0,0.3999999999999999,37.465,37.065000000000005,41581.90500000002,16418.09499999998
24/1/2024,MAT-0379,0.0,5.5,295.405,289.905,41576.40500000002,16423.59499999998
24/1/2024,MAT-0382,297.0,24.84,1001.255,1273.4150000000002,41848.565000000024,16151.434999999976
24/1/2024,MAT-0386,0.0,24.76,202.355,177.59500000000003,41823.80500000002,16176.194999999978
24/1/2024,MAT-0390,148.5,0.0,537.02,685.52,41972.30500000002,16027.694999999978
24/1/2024,MAT-0428,0.0,24.75,512.745,487.995,41947.55500000002,16052.444999999978
25/1/2024,MAT-0001,0.0,76.5,2403.215,2326.715,41871.05500000002,16128.944999999978
25/1/2024,MAT-0013,0.0,19.5,358.795,339.295,41851.55500000002,16148.444999999978
25/1/2024,MAT-0015,0.0,49.5,1283.74,1234.24,41802.05500000002,16197.944999999978
25/1/2024,MAT-0047,0.0,5.0,612.14,607.14,41797.05500000002,16202.944999999978
25/1/2024,MAT-0065,0.0,5.5,672.8949999999999,667.3949999999999,41791.55500000002,16208.444999999978
25/1/2024,MAT-0082,0.0,22.5,441.06500000000005,418.56500000000005,41769.05500000002,16230.944999999978
25/1/2024,MAT-0112,0.0,24.75,255.84,231.09,41744.30500000002,16255.694999999978
25/1/2024,MAT-0142,0.0,4.51,1001.0500000000002,996.5400000000002,41739.79500000002,16260.20499999998
25/1/2024,MAT-0143,0.0,12.0,699.7900000000001,687.7900000000001,41727.79500000002,16272.20499999998
25/1/2024,MAT-0145,0.0,261.0,3741.375,3480.3749999999995,41466.79500000002,16533.20499999998
25/1/2024,MAT-0150,0.0,0.1,230.3,230.2,41466.69500000002,16533.30499999998
25/1/2024,MAT-0196,0.0,5.0,50.0,45.0,41461.69500000002,16538.30499999998
25/1/2024,MAT-0198,0.0,123.76,563.3050000000001,439.5450000000001,41337.93500000002,16662.06499999998
25/1/2024,MAT-0256,0.0,0.05,98.9,98.85,41337.88500000002,16662.114999999983
25/1/2024,MAT-0264,0.0,74.25,560.24,485.99,41263.63500000002,16736.364999999983
25/1/2024,MAT-0265,0.0,123.75,-21.66,-145.41,41139.88500000002,16860.114999999983
25/1/2024,MAT-0270,0.0,13.5,-131.81,-145.31,41126.38500000002,16873.614999999983
25/1/2024,MAT-0314,0.0,18.0,489.765,471.765,41108.38500000002,16891.614999999983
25/1/2024,MAT-0319,0.0,24.75,1139.145,1114.395,41083.63500000002,16916.364999999983
25/1/2024,MAT-0321,0.0,74.25,-35.7,-109.95,41009.38500000002,16990.614999999983
25/1/2024,MAT-0328,0.0,36.0,-23.585,-59.585,40973.38500000002,17026.614999999983
25/1/2024,MAT-0353,0.0,24.75,102.935,78.185,40948.63500000002,17051.364999999983
25/1/2024,MAT-0379,0.0,24.75,289.905,265.155,40923.88500000002,17076.114999999983
25/1/2024,MAT-0382,0.0,123.75,1273.4150000000002,1149.6650000000002,40800.13500000002,17199.864999999983
25/1/2024,MAT-0389,0.0,25.5,1762.715,1737.215,40774.63500000002,17225.364999999983
25/1/2024,MAT-0390,0.0,24.75,685.52,660.77,40749.88500000002,17250.114999999983
25/1/2024,MAT-0413,198.0,0.0,686.94,884.94,40947.88500000002,17052.114999999983
25/1/2024,MAT-0415,0.0,24.75,214.34000000000003,189.59000000000003,40923.13500000002,17076.864999999983
26/1/2024,MAT-0001,0.0,16.5,2326.715,2310.215,40906.63500000002,17093.364999999983
26/1/2024,MAT-0015,0.0,24.75,1234.24,1209.49,40881.88500000002,17118.114999999983
26/1/2024,MAT-0050,0.0,0.08,224.17,224.09,40881.805000000015,17118.194999999985
26/1/2024,MAT-0065,0.0,24.75,667.3949999999999,642.6449999999999,40857.055000000015,17142.944999999985
26/1/2024,MAT-0082,0.0,22.5,418.56500000000005,396.06500000000005,40834.555000000015,17165.444999999985
26/1/2024,MAT-0112,0.0,74.25999999999999,231.09,156.82999999999998,40760.29500000001,17239.704999999987
26/1/2024,MAT-0142,0.0,22.5,996.5400000000002,974.0400000000002,40737.79500000001,17262.204999999987
26/1/2024,MAT-0143,0.0,4.5,687.7900000000001,683.2900000000001,40733.29500000001,17266.704999999987
26/1/2024,MAT-0144,0.0,3.0,798.5250000000001,795.5250000000001,40730.29500000001,17269.704999999987
26/1/2024,MAT-0145,0.0,66.0,3480.3749999999995,3414.3749999999995,40664.29500000001,17335.704999999987
26/1/2024,MAT-0147,0.0,4.5,85.27,80.77,40659.79500000001,17340.204999999987
26/1/2024,MAT-0178,0.0,0.03,2.5400000000000005,2.5100000000000007,40659.765000000014,17340.234999999986
26/1/2024,MAT-0196,0.0,22.5,45.0,22.5,40637.265000000014,17362.734999999986
26/1/2024,MAT-0198,0.0,123.76,439.5450000000001,315.7850000000001,40513.50500000001,17486.494999999988
26/1/2024,MAT-0229,0.0,0.03,-173.195,-173.225,40513.47500000001,17486.524999999987
26/1/2024,MAT-0268,0.0,0.03,502.1700000000001,502.1400000000001,40513.445000000014,17486.554999999986
26/1/2024,MAT-0314,0.0,46.5,471.765,425.265,40466.945000000014,17533.054999999986
26/1/2024,MAT-0340,0.0,49.51,589.6649999999998,540.1549999999999,40417.43500000001,17582.564999999988
26/1/2024,MAT-0379,0.0,57.75,265.155,207.405,40359.68500000001,17640.314999999988
26/1/2024,MAT-0382,0.0,24.75,1149.6650000000002,1124.9150000000002,40334.93500000001,17665.064999999988
26/1/2024,MAT-0415,0.0,49.5,189.59000000000003,140.09000000000003,40285.43500000001,17714.564999999988
26/1/2024,MAT-0428,0.0,49.5,487.995,438.495,40235.93500000001,17764.064999999988
27/1/2024,MAT-0001,0.0,28.5,2310.215,2281.715,40207.43500000001,17792.564999999988
27/1/2024,MAT-0013,0.0,0.7,339.295,338.595,40206.735000000015,17793.264999999985
27/1/2024,MAT-0046,0.0,49.5,825.325,775.825,40157.235000000015,17842.764999999985
27/1/2024,MAT-0053,0.0,0.3,-11.885,-12.185,40156.93500000001,17843.064999999988
27/1/2024,MAT-0099,0.0,0.03,915.425,915.395,40156.90500000001,17843.094999999987
27/1/2024,MAT-0112,148.5,123.78,156.82999999999998,181.55,40181.625000000015,17818.374999999985
27/1/2024,MAT-0137,0.0,24.75,587.19,562.44,40156.875000000015,17843.124999999985
27/1/2024,MAT-0142,0.0,51.0,974.0400000000002,923.0400000000002,40105.875000000015,17894.124999999985
27/1/2024,MAT-0145,0.0,36.0,3414.3749999999995,3378.3749999999995,40069.875000000015,17930.124999999985
27/1/2024,MAT-0158,0.0,0.03,210.9,210.87,40069.845000000016,17930.154999999984
27/1/2024,MAT-0159,0.0,0.08,237.7,237.62,40069.765000000014,17930.234999999986
27/1/2024,MAT-0164,24.75,0.0,0.0,24.75,40094.515000000014,17905.484999999986
27/1/2024,MAT-0196,0.0,22.5,22.5,0.0,40072.015000000014,17927.984999999986
27/1/2024,MAT-0201,0.0,25.51,1091.46,1065.95,40046.50500000001,17953.494999999988
27/1/2024,MAT-0202,24.75,0.0,122.15,146.9,40071.25500000001,17928.744999999988
27/1/2024,MAT-0206,0.0,0.6,591.1750000000001,590.575,40070.65500000001,17929.344999999987
27/1/2024,MAT-0314,0.0,15.0,425.265,410.265,40055.65500000001,17944.344999999987
27/1/2024,MAT-0318,148.5,0.0,199.18,347.68,40204.15500000001,17795.844999999987
27/1/2024,MAT-0319,0.0,0.03,1114.395,1114.365,40204.125000000015,17795.874999999985
27/1/2024,MAT-0328,0.0,6.0,-59.585,-65.585,40198.125000000015,17801.874999999985
27/1/2024,MAT-0374,0.0,24.76,49.1,24.34,40173.36500000001,17826.634999999987
27/1/2024,MAT-0383,0.0,49.5,0.0,-49.5,40123.86500000001,17876.134999999987
27/1/2024,MAT-0412,0.0,4.2,4.2,0.0,40119.665000000015,17880.334999999985
28/1/2024,MAT-0332,600.0,0.0,1016.705,1616.705,40719.665000000015,17280.334999999985
29/1/2024,MAT-0001,0.0,48.0,2281.715,2233.715,40671.665000000015,17328.334999999985
29/1/2024,MAT-0007,0.0,24.75,297.82500000000005,273.07500000000005,40646.915000000015,17353.084999999985
29/1/2024,MAT-0013,0.0,9.0,338.595,329.595,40637.915000000015,17362.084999999985
29/1/2024,MAT-0017,0.0,0.35,0.0,-0.35,40637.56500000002,17362.434999999983
29/1/2024,MAT-0046,0.0,49.510000000000005,775.825,726.315,40588.055000000015,17411.944999999985
29/1/2024,MAT-0055,0.0,12.38,610.7099999999999,598.3299999999999,40575.67500000002,17424.324999999983
29/1/2024,MAT-0098,0.0,24.75,200.5,175.75,40550.92500000002,17449.074999999983
29/1/2024,MAT-0099,0.0,24.75,915.395,890.645,40526.17500000002,17473.824999999983
29/1/2024,MAT-0142,0.0,12.0,923.0400000000002,911.0400000000002,40514.17500000002,17485.824999999983
29/1/2024,MAT-0143,0.0,1.5,683.2900000000001,681.7900000000001,40512.67500000002,17487.324999999983
29/1/2024,MAT-0145,0.0,25.5,3378.3749999999995,3352.8749999999995,40487.17500000002,17512.824999999983
29/1/2024,MAT-0146,0.0,148.51,783.19,634.6800000000001,40338.665000000015,17661.334999999985
29/1/2024,MAT-0158,0.0,0.03,210.87,210.84,40338.63500000002,17661.364999999983
29/1/2024,MAT-0201,0.0,12.0,1065.95,1053.95,40326.63500000002,17673.364999999983
29/1/2024,MAT-0264,0.0,24.75,485.99,461.24,40301.88500000002,17698.114999999983
29/1/2024,MAT-0265,0.0,24.75,-145.41,-170.16,40277.13500000002,17722.864999999983
29/1/2024,MAT-0270,0.0,40.5,-145.31,-185.81,40236.63500000002,17763.364999999983
29/1/2024,MAT-0314,0.0,6.0,410.265,404.265,40230.63500000002,17769.364999999983
29/1/2024,MAT-0319,0.0,5.5,1114.365,1108.865,40225.13500000002,17774.864999999983
29/1/2024,MAT-0321,0.0,24.75,-109.95,-134.7,40200.38500000002,17799.614999999983
29/1/2024,MAT-0324,0.0,3.75,561.04,557.29,40196.63500000002,17803.364999999983
29/1/2024,MAT-0325,0.0,24.75,728.17,703.42,40171.88500000002,17828.114999999983
29/1/2024,MAT-0328,0.0,10.5,-65.585,-76.085,40161.38500000002,17838.614999999983
29/1/2024,MAT-0379,0.0,24.75,207.405,182.655,40136.63500000002,17863.364999999983
29/1/2024,MAT-0382,0.0,49.5,1124.9150000000002,1075.4150000000002,40087.13500000002,17912.864999999983
29/1/2024,MAT-0389,0.0,105.01,1737.215,1632.205,39982.125000000015,18017.874999999985
30/1/2024,MAT-0046,0.0,74.25,726.315,652.065,39907.875000000015,18092.124999999985
30/1/2024,MAT-0049,148.5,0.0,143.925,292.425,40056.375000000015,17943.624999999985
30/1/2024,MAT-0082,0.0,22.5,396.06500000000005,373.56500000000005,40033.875000000015,17966.124999999985
30/1/2024,MAT-0103,0.0,0.6,66.02000000000001,65.42000000000002,40033.275000000016,17966.724999999984
30/1/2024,MAT-0113,0.0,1.38,154.71499999999995,153.33499999999998,40031.89500000002,17968.10499999998
30/1/2024,MAT-0142,0.0,31.88,911.0400000000002,879.1600000000002,40000.01500000002,17999.98499999998
30/1/2024,MAT-0143,0.0,1.03,681.7900000000001,680.7600000000001,39998.98500000002,18001.014999999978
30/1/2024,MAT-0145,178.5,107.23,3352.8749999999995,3424.1449999999995,40070.25500000002,17929.74499999998
30/1/2024,MAT-0153,594.0,0.0,25.4,619.4,40664.25500000002,17335.74499999998
30/1/2024,MAT-0193,0.0,24.48,59.84,35.36,40639.775000000016,17360.224999999984
30/1/2024,MAT-0201,0.0,1.3,1053.95,1052.65,40638.47500000001,17361.524999999987
30/1/2024,MAT-0236,99.0,0.0,42.2,141.2,40737.47500000001,17262.524999999987
30/1/2024,MAT-0264,0.0,49.5,461.24,411.74,40687.97500000001,17312.024999999987
30/1/2024,MAT-0265,148.5,99.01,-170.16,-120.67,40737.46500000001,17262.53499999999
30/1/2024,MAT-0269,0.0,24.76,45.375,20.615,40712.70500000001,17287.29499999999
30/1/2024,MAT-0270,255.0,0.0,-185.81,69.19,40967.70500000001,17032.29499999999
30/1/2024,MAT-0316,445.5,0.0,743.28,1188.78,41413.20500000001,16586.79499999999
30/1/2024,MAT-0319,0.0,24.75,1108.865,1084.115,41388.45500000001,16611.54499999999
30/1/2024,MAT-0320,0.0,0.3,16.5,16.2,41388.155000000006,16611.844999999994
30/1/2024,MAT-0321,0.0,49.5,-134.7,-184.2,41338.655000000006,16661.344999999994
30/1/2024,MAT-0352,0.0,0.2,18.9,18.7,41338.45500000001,16661.54499999999
30/1/2024,MAT-0374,49.5,0.0,24.34,73.84,41387.95500000001,16612.04499999999
30/1/2024,MAT-0379,0.0,49.5,182.655,133.15499999999997,41338.45500000001,16661.54499999999
30/1/2024,MAT-0382,148.5,74.26,1075.4150000000002,1149.6550000000002,41412.69500000001,16587.304999999993
30/1/2024,MAT-0383,0.0,49.5,-49.5,-99.0,41363.19500000001,16636.804999999993
30/1/2024,MAT-0397,0.0,0.05,0.0,-0.05,41363.145000000004,16636.854999999996
30/1/2024,MAT-0428,0.0,24.75,438.495,413.745,41338.395000000004,16661.604999999996
31/1/2024,MAT-0001,0.0,7.5,2233.715,2226.215,41330.895000000004,16669.104999999996
31/1/2024,MAT-0053,0.0,24.75,-12.185,-36.935,41306.145000000004,16693.854999999996
31/1/2024,MAT-0065,0.0,24.76,642.6449999999999,617.8849999999999,41281.385,16718.614999999998
31/1/2024,MAT-0084,0.0,49.5,-58.195,-107.695,41231.885,16768.114999999998
31/1/2024,MAT-0099,0.0,49.51,890.645,841.135,41182.375,16817.625
31/1/2024,MAT-0142,0.0,9.05,879.1600000000002,870.1100000000002,41173.325,16826.675000000003
31/1/2024,MAT-0144,0.0,9.0,795.5250000000001,786.5250000000001,41164.325,16835.675000000003
31/1/2024,MAT-0145,0.0,28.6,3424.1449999999995,3395.545,41135.725,16864.275
31/1/2024,MAT-0146,0.0,11.0,634.6800000000001,623.6800000000001,41124.725,16875.275
31/1/2024,MAT-0148,0.0,24.75,183.39,158.64,41099.975,16900.025
31/1/2024,MAT-0176,127.5,0.0,103.8,231.3,41227.475,16772.525
31/1/2024,MAT-0269,0.0,8.25,20.615,12.365000000000002,41219.225,16780.775
31/1/2024,MAT-0281,0.0,0.09,265.6,265.51000000000005,41219.135,16780.864999999998
31/1/2024,MAT-0314,0.0,1.53,404.265,402.735,41217.605,16782.394999999997
31/1/2024,MAT-0321,0.0,49.5,-184.2,-233.7,41168.105,16831.894999999997
31/1/2024,MAT-0328,127.5,25.5,-76.085,25.91500000000002,41270.105,16729.894999999997
31/1/2024,MAT-0332,340.0,0.0,1616.705,1956.705,41610.105,16389.894999999997
31/1/2024,MAT-0382,0.0,24.75,1149.6550000000002,1124.9050000000002,41585.355,16414.644999999997
31/1/2024,MAT-0389,0.0,55.5,1632.205,1576.705,41529.855,16470.144999999997
31/1/2024,MAT-0415,0.0,5.5,140.09000000000003,134.59000000000003,41524.355,16475.644999999997
